sample_id,image_path,gt_x1,gt_y1,gt_x2,gt_y2,gt_x3,gt_y3,gt_x4,gt_y4
1,thumb_000001_f00000030.jpg,,,,,,,,
2,thumb_000002_f00000060.jpg,,,,,,,,
3,thumb_000003_f00000090.jpg,,,,,,,,
4,thumb_000004_f00000120.jpg,,,,,,,,
5,thumb_000005_f00000150.jpg,,,,,,,,
6,thumb_000006_f00000180.jpg,,,,,,,,
7,thumb_000007_f00000210.jpg,,,,,,,,
8,thumb_000008_f00000240.jpg,,,,,,,,
9,thumb_000009_f00000270.jpg,,,,,,,,
10,thumb_000010_f00000300.jpg,,,,,,,,
11,thumb_000011_f00000330.jpg,,,,,,,,
12,thumb_000012_f00000360.jpg,,,,,,,,
13,thumb_000013_f00000390.jpg,,,,,,,,
14,thumb_000014_f00000420.jpg,,,,,,,,
15,thumb_000015_f00000450.jpg,,,,,,,,
16,thumb_000016_f00000480.jpg,,,,,,,,
17,thumb_000017_f00000510.jpg,,,,,,,,
18,thumb_000018_f00000540.jpg,,,,,,,,
19,thumb_000019_f00000570.jpg,,,,,,,,
20,thumb_000020_f00000600.jpg,,,,,,,,
21,thumb_000021_f00000630.jpg,,,,,,,,
22,thumb_000022_f00000660.jpg,,,,,,,,
23,thumb_000023_f00000690.jpg,,,,,,,,
24,thumb_000024_f00000720.jpg,,,,,,,,
25,thumb_000025_f00000750.jpg,,,,,,,,
26,thumb_000026_f00000780.jpg,,,,,,,,
27,thumb_000027_f00000810.jpg,,,,,,,,
28,thumb_000028_f00000840.jpg,,,,,,,,
29,thumb_000029_f00000870.jpg,,,,,,,,
30,thumb_000030_f00000900.jpg,,,,,,,,
31,thumb_000031_f00000930.jpg,,,,,,,,
32,thumb_000032_f00000960.jpg,,,,,,,,
33,thumb_000033_f00000990.jpg,,,,,,,,
34,thumb_000034_f00001020.jpg,,,,,,,,
35,thumb_000035_f00001050.jpg,,,,,,,,
36,thumb_000036_f00001080.jpg,,,,,,,,
37,thumb_000037_f00001110.jpg,,,,,,,,
38,thumb_000038_f00001140.jpg,,,,,,,,
39,thumb_000039_f00001170.jpg,,,,,,,,
40,thumb_000040_f00001200.jpg,,,,,,,,
41,thumb_000041_f00001230.jpg,,,,,,,,
42,thumb_000042_f00001260.jpg,,,,,,,,
43,thumb_000043_f00001290.jpg,,,,,,,,
44,thumb_000044_f00001320.jpg,,,,,,,,
45,thumb_000045_f00001350.jpg,,,,,,,,
46,thumb_000046_f00001380.jpg,,,,,,,,
47,thumb_000047_f00001410.jpg,,,,,,,,
48,thumb_000048_f00001440.jpg,,,,,,,,
49,thumb_000049_f00001470.jpg,,,,,,,,
50,thumb_000050_f00001500.jpg,,,,,,,,
51,thumb_000051_f00001530.jpg,,,,,,,,
52,thumb_000052_f00001560.jpg,,,,,,,,
53,thumb_000053_f00001590.jpg,,,,,,,,
54,thumb_000054_f00001620.jpg,,,,,,,,
55,thumb_000055_f00001650.jpg,,,,,,,,
56,thumb_000056_f00001680.jpg,,,,,,,,
57,thumb_000057_f00001710.jpg,,,,,,,,
58,thumb_000058_f00001740.jpg,,,,,,,,
59,thumb_000059_f00001770.jpg,,,,,,,,
60,thumb_000060_f00001800.jpg,,,,,,,,
61,thumb_000061_f00001830.jpg,,,,,,,,
62,thumb_000062_f00001860.jpg,,,,,,,,
63,thumb_000063_f00001890.jpg,,,,,,,,
64,thumb_000064_f00001920.jpg,,,,,,,,
65,thumb_000065_f00001950.jpg,,,,,,,,
66,thumb_000066_f00001980.jpg,,,,,,,,
67,thumb_000067_f00002010.jpg,,,,,,,,
68,thumb_000068_f00002040.jpg,,,,,,,,
69,thumb_000069_f00002070.jpg,,,,,,,,
70,thumb_000070_f00002100.jpg,,,,,,,,
71,thumb_000071_f00002130.jpg,,,,,,,,
72,thumb_000072_f00002160.jpg,,,,,,,,
73,thumb_000073_f00002190.jpg,,,,,,,,
74,thumb_000074_f00002220.jpg,,,,,,,,
75,thumb_000075_f00002250.jpg,,,,,,,,
76,thumb_000076_f00002280.jpg,,,,,,,,
77,thumb_000077_f00002310.jpg,,,,,,,,
78,thumb_000078_f00002340.jpg,,,,,,,,
79,thumb_000079_f00002370.jpg,,,,,,,,
80,thumb_000080_f00002400.jpg,,,,,,,,
81,thumb_000081_f00002430.jpg,,,,,,,,
82,thumb_000082_f00002460.jpg,,,,,,,,
83,thumb_000083_f00002490.jpg,,,,,,,,
84,thumb_000084_f00002520.jpg,,,,,,,,
85,thumb_000085_f00002550.jpg,,,,,,,,
86,thumb_000086_f00002580.jpg,,,,,,,,
87,thumb_000087_f00002610.jpg,,,,,,,,
88,thumb_000088_f00002640.jpg,,,,,,,,
89,thumb_000089_f00002670.jpg,,,,,,,,
90,thumb_000090_f00002700.jpg,,,,,,,,
91,thumb_000091_f00002730.jpg,,,,,,,,
92,thumb_000092_f00002760.jpg,,,,,,,,
93,thumb_000093_f00002790.jpg,,,,,,,,
94,thumb_000094_f00002820.jpg,,,,,,,,
95,thumb_000095_f00002850.jpg,,,,,,,,
96,thumb_000096_f00002880.jpg,,,,,,,,
97,thumb_000097_f00002910.jpg,,,,,,,,
98,thumb_000098_f00002940.jpg,,,,,,,,
99,thumb_000099_f00002970.jpg,,,,,,,,
100,thumb_000100_f00003000.jpg,,,,,,,,
101,thumb_000101_f00003030.jpg,,,,,,,,
102,thumb_000102_f00003060.jpg,,,,,,,,
103,thumb_000103_f00003090.jpg,,,,,,,,
104,thumb_000104_f00003120.jpg,,,,,,,,
105,thumb_000105_f00003150.jpg,,,,,,,,
106,thumb_000106_f00003180.jpg,,,,,,,,
107,thumb_000107_f00003210.jpg,,,,,,,,
108,thumb_000108_f00003240.jpg,,,,,,,,
109,thumb_000109_f00003270.jpg,,,,,,,,
110,thumb_000110_f00003300.jpg,,,,,,,,
111,thumb_000111_f00003330.jpg,,,,,,,,
112,thumb_000112_f00003360.jpg,,,,,,,,
113,thumb_000113_f00003390.jpg,,,,,,,,
114,thumb_000114_f00003420.jpg,,,,,,,,
115,thumb_000115_f00003450.jpg,,,,,,,,
116,thumb_000116_f00003480.jpg,,,,,,,,
117,thumb_000117_f00003510.jpg,,,,,,,,
118,thumb_000118_f00003540.jpg,,,,,,,,
119,thumb_000119_f00003570.jpg,,,,,,,,
120,thumb_000120_f00003600.jpg,,,,,,,,
121,thumb_000121_f00003630.jpg,,,,,,,,
122,thumb_000122_f00003660.jpg,,,,,,,,
123,thumb_000123_f00003690.jpg,,,,,,,,
124,thumb_000124_f00003720.jpg,,,,,,,,
125,thumb_000125_f00003750.jpg,,,,,,,,
126,thumb_000126_f00003780.jpg,,,,,,,,
127,thumb_000127_f00003810.jpg,,,,,,,,
128,thumb_000128_f00003840.jpg,,,,,,,,
129,thumb_000129_f00003870.jpg,,,,,,,,
130,thumb_000130_f00003900.jpg,,,,,,,,
131,thumb_000131_f00003930.jpg,,,,,,,,
132,thumb_000132_f00003960.jpg,,,,,,,,
133,thumb_000133_f00003990.jpg,,,,,,,,
134,thumb_000134_f00004020.jpg,,,,,,,,
135,thumb_000135_f00004050.jpg,,,,,,,,
136,thumb_000136_f00004080.jpg,,,,,,,,
137,thumb_000137_f00004110.jpg,,,,,,,,
138,thumb_000138_f00004140.jpg,,,,,,,,
139,thumb_000139_f00004170.jpg,,,,,,,,
140,thumb_000140_f00004200.jpg,,,,,,,,
141,thumb_000141_f00004230.jpg,,,,,,,,
142,thumb_000142_f00004260.jpg,,,,,,,,
143,thumb_000143_f00004290.jpg,,,,,,,,
144,thumb_000144_f00004320.jpg,,,,,,,,
145,thumb_000145_f00004350.jpg,,,,,,,,
146,thumb_000146_f00004380.jpg,,,,,,,,
147,thumb_000147_f00004410.jpg,,,,,,,,
148,thumb_000148_f00004440.jpg,,,,,,,,
149,thumb_000149_f00004470.jpg,,,,,,,,
150,thumb_000150_f00004500.jpg,,,,,,,,
151,thumb_000151_f00004530.jpg,,,,,,,,
152,thumb_000152_f00004560.jpg,,,,,,,,
153,thumb_000153_f00004590.jpg,,,,,,,,
154,thumb_000154_f00004620.jpg,,,,,,,,
155,thumb_000155_f00004650.jpg,,,,,,,,
156,thumb_000156_f00004680.jpg,,,,,,,,
157,thumb_000157_f00004710.jpg,,,,,,,,
158,thumb_000158_f00004740.jpg,,,,,,,,
159,thumb_000159_f00004770.jpg,,,,,,,,
160,thumb_000160_f00004800.jpg,,,,,,,,
161,thumb_000161_f00004830.jpg,,,,,,,,
162,thumb_000162_f00004860.jpg,,,,,,,,
163,thumb_000163_f00004890.jpg,,,,,,,,
164,thumb_000164_f00004920.jpg,,,,,,,,
165,thumb_000165_f00004950.jpg,,,,,,,,
166,thumb_000166_f00004980.jpg,,,,,,,,
167,thumb_000167_f00005010.jpg,,,,,,,,
168,thumb_000168_f00005040.jpg,,,,,,,,
169,thumb_000169_f00005070.jpg,,,,,,,,
170,thumb_000170_f00005100.jpg,,,,,,,,
171,thumb_000171_f00005130.jpg,,,,,,,,
172,thumb_000172_f00005160.jpg,,,,,,,,
173,thumb_000173_f00005190.jpg,,,,,,,,
174,thumb_000174_f00005220.jpg,,,,,,,,
175,thumb_000175_f00005250.jpg,,,,,,,,
176,thumb_000176_f00005280.jpg,,,,,,,,
177,thumb_000177_f00005310.jpg,,,,,,,,
178,thumb_000178_f00005340.jpg,,,,,,,,
179,thumb_000179_f00005370.jpg,,,,,,,,
180,thumb_000180_f00005400.jpg,,,,,,,,
181,thumb_000181_f00005430.jpg,,,,,,,,
182,thumb_000182_f00005460.jpg,,,,,,,,
183,thumb_000183_f00005490.jpg,,,,,,,,
184,thumb_000184_f00005520.jpg,,,,,,,,
185,thumb_000185_f00005550.jpg,,,,,,,,
186,thumb_000186_f00005580.jpg,,,,,,,,
187,thumb_000187_f00005610.jpg,,,,,,,,
188,thumb_000188_f00005640.jpg,,,,,,,,
189,thumb_000189_f00005670.jpg,,,,,,,,
190,thumb_000190_f00005700.jpg,,,,,,,,
191,thumb_000191_f00005730.jpg,,,,,,,,
192,thumb_000192_f00005760.jpg,,,,,,,,
193,thumb_000193_f00005790.jpg,,,,,,,,
194,thumb_000194_f00005820.jpg,,,,,,,,
195,thumb_000195_f00005850.jpg,,,,,,,,
196,thumb_000196_f00005880.jpg,,,,,,,,
197,thumb_000197_f00005910.jpg,,,,,,,,
198,thumb_000198_f00005940.jpg,,,,,,,,
199,thumb_000199_f00005970.jpg,,,,,,,,
200,thumb_000200_f00006000.jpg,,,,,,,,
201,thumb_000201_f00006030.jpg,,,,,,,,
202,thumb_000202_f00006060.jpg,,,,,,,,
203,thumb_000203_f00006090.jpg,,,,,,,,
204,thumb_000204_f00006120.jpg,,,,,,,,
205,thumb_000205_f00006150.jpg,,,,,,,,
206,thumb_000206_f00006180.jpg,,,,,,,,
207,thumb_000207_f00006210.jpg,,,,,,,,
208,thumb_000208_f00006240.jpg,,,,,,,,
209,thumb_000209_f00006270.jpg,,,,,,,,
210,thumb_000210_f00006300.jpg,,,,,,,,
211,thumb_000211_f00006330.jpg,,,,,,,,
212,thumb_000212_f00006360.jpg,,,,,,,,
213,thumb_000213_f00006390.jpg,,,,,,,,
214,thumb_000214_f00006420.jpg,,,,,,,,
215,thumb_000215_f00006450.jpg,,,,,,,,
216,thumb_000216_f00006480.jpg,,,,,,,,
217,thumb_000217_f00006510.jpg,,,,,,,,
218,thumb_000218_f00006540.jpg,,,,,,,,
219,thumb_000219_f00006570.jpg,,,,,,,,
220,thumb_000220_f00006600.jpg,,,,,,,,
221,thumb_000221_f00006630.jpg,,,,,,,,
222,thumb_000222_f00006660.jpg,,,,,,,,
223,thumb_000223_f00006690.jpg,,,,,,,,
224,thumb_000224_f00006720.jpg,,,,,,,,
225,thumb_000225_f00006750.jpg,,,,,,,,
226,thumb_000226_f00006780.jpg,,,,,,,,
227,thumb_000227_f00006810.jpg,,,,,,,,
228,thumb_000228_f00006840.jpg,,,,,,,,
229,thumb_000229_f00006870.jpg,,,,,,,,
230,thumb_000230_f00006900.jpg,,,,,,,,
231,thumb_000231_f00006930.jpg,,,,,,,,
232,thumb_000232_f00006960.jpg,,,,,,,,
233,thumb_000233_f00006990.jpg,,,,,,,,
234,thumb_000234_f00007020.jpg,,,,,,,,
235,thumb_000235_f00007050.jpg,,,,,,,,
236,thumb_000236_f00007080.jpg,,,,,,,,
237,thumb_000237_f00007110.jpg,,,,,,,,
238,thumb_000238_f00007140.jpg,,,,,,,,
239,thumb_000239_f00007170.jpg,,,,,,,,
240,thumb_000240_f00007200.jpg,,,,,,,,
241,thumb_000241_f00007230.jpg,,,,,,,,
242,thumb_000242_f00007260.jpg,,,,,,,,
243,thumb_000243_f00007290.jpg,,,,,,,,
244,thumb_000244_f00007320.jpg,,,,,,,,
245,thumb_000245_f00007350.jpg,,,,,,,,
246,thumb_000246_f00007380.jpg,,,,,,,,
247,thumb_000247_f00007410.jpg,,,,,,,,
248,thumb_000248_f00007440.jpg,,,,,,,,
249,thumb_000249_f00007470.jpg,,,,,,,,
250,thumb_000250_f00007500.jpg,,,,,,,,
251,thumb_000251_f00007530.jpg,,,,,,,,
252,thumb_000252_f00007560.jpg,,,,,,,,
253,thumb_000253_f00007590.jpg,,,,,,,,
254,thumb_000254_f00007620.jpg,,,,,,,,
255,thumb_000255_f00007650.jpg,,,,,,,,
256,thumb_000256_f00007680.jpg,,,,,,,,
257,thumb_000257_f00007710.jpg,,,,,,,,
258,thumb_000258_f00007740.jpg,,,,,,,,
259,thumb_000259_f00007770.jpg,,,,,,,,
260,thumb_000260_f00007800.jpg,,,,,,,,
261,thumb_000261_f00007830.jpg,,,,,,,,
262,thumb_000262_f00007860.jpg,,,,,,,,
263,thumb_000263_f00007890.jpg,,,,,,,,
264,thumb_000264_f00007920.jpg,,,,,,,,
265,thumb_000265_f00007950.jpg,,,,,,,,
266,thumb_000266_f00007980.jpg,,,,,,,,
267,thumb_000267_f00008010.jpg,,,,,,,,
268,thumb_000268_f00008040.jpg,,,,,,,,
269,thumb_000269_f00008070.jpg,,,,,,,,
270,thumb_000270_f00008100.jpg,,,,,,,,
271,thumb_000271_f00008130.jpg,,,,,,,,
272,thumb_000272_f00008160.jpg,,,,,,,,
273,thumb_000273_f00008190.jpg,,,,,,,,
274,thumb_000274_f00008220.jpg,,,,,,,,
275,thumb_000275_f00008250.jpg,,,,,,,,
276,thumb_000276_f00008280.jpg,,,,,,,,
277,thumb_000277_f00008310.jpg,,,,,,,,
278,thumb_000278_f00008340.jpg,,,,,,,,
279,thumb_000279_f00008370.jpg,,,,,,,,
280,thumb_000280_f00008400.jpg,,,,,,,,
281,thumb_000281_f00008430.jpg,,,,,,,,
282,thumb_000282_f00008460.jpg,,,,,,,,
283,thumb_000283_f00008490.jpg,,,,,,,,
284,thumb_000284_f00008520.jpg,,,,,,,,
285,thumb_000285_f00008550.jpg,,,,,,,,
286,thumb_000286_f00008580.jpg,,,,,,,,
287,thumb_000287_f00008610.jpg,,,,,,,,
288,thumb_000288_f00008640.jpg,,,,,,,,
289,thumb_000289_f00008670.jpg,,,,,,,,
290,thumb_000290_f00008700.jpg,,,,,,,,
291,thumb_000291_f00008730.jpg,,,,,,,,
292,thumb_000292_f00008760.jpg,,,,,,,,
293,thumb_000293_f00008790.jpg,,,,,,,,
294,thumb_000294_f00008820.jpg,,,,,,,,
295,thumb_000295_f00008850.jpg,,,,,,,,
296,thumb_000296_f00008880.jpg,,,,,,,,
297,thumb_000297_f00008910.jpg,,,,,,,,
298,thumb_000298_f00008940.jpg,,,,,,,,
299,thumb_000299_f00008970.jpg,,,,,,,,
300,thumb_000300_f00009000.jpg,,,,,,,,
301,thumb_000301_f00009030.jpg,,,,,,,,
302,thumb_000302_f00009060.jpg,,,,,,,,
303,thumb_000303_f00009090.jpg,,,,,,,,
304,thumb_000304_f00009120.jpg,,,,,,,,
305,thumb_000305_f00009150.jpg,,,,,,,,
306,thumb_000306_f00009180.jpg,,,,,,,,
307,thumb_000307_f00009210.jpg,,,,,,,,
308,thumb_000308_f00009240.jpg,,,,,,,,
309,thumb_000309_f00009270.jpg,,,,,,,,
310,thumb_000310_f00009300.jpg,,,,,,,,
311,thumb_000311_f00009330.jpg,,,,,,,,
312,thumb_000312_f00009360.jpg,,,,,,,,
313,thumb_000313_f00009390.jpg,,,,,,,,
314,thumb_000314_f00009420.jpg,,,,,,,,
315,thumb_000315_f00009450.jpg,,,,,,,,
316,thumb_000316_f00009480.jpg,,,,,,,,
317,thumb_000317_f00009510.jpg,,,,,,,,
318,thumb_000318_f00009540.jpg,,,,,,,,
319,thumb_000319_f00009570.jpg,,,,,,,,
320,thumb_000320_f00009600.jpg,,,,,,,,
321,thumb_000321_f00009630.jpg,,,,,,,,
322,thumb_000322_f00009660.jpg,,,,,,,,
323,thumb_000323_f00009690.jpg,,,,,,,,
324,thumb_000324_f00009720.jpg,,,,,,,,
325,thumb_000325_f00009750.jpg,,,,,,,,
326,thumb_000326_f00009780.jpg,,,,,,,,
327,thumb_000327_f00009810.jpg,,,,,,,,
328,thumb_000328_f00009840.jpg,,,,,,,,
329,thumb_000329_f00009870.jpg,,,,,,,,
330,thumb_000330_f00009900.jpg,,,,,,,,
331,thumb_000331_f00009930.jpg,,,,,,,,
332,thumb_000332_f00009960.jpg,,,,,,,,
333,thumb_000333_f00009990.jpg,,,,,,,,
334,thumb_000334_f00010020.jpg,,,,,,,,
335,thumb_000335_f00010050.jpg,,,,,,,,
336,thumb_000336_f00010080.jpg,,,,,,,,
337,thumb_000337_f00010110.jpg,,,,,,,,
338,thumb_000338_f00010140.jpg,,,,,,,,
339,thumb_000339_f00010170.jpg,,,,,,,,
340,thumb_000340_f00010200.jpg,,,,,,,,
341,thumb_000341_f00010230.jpg,,,,,,,,
342,thumb_000342_f00010260.jpg,,,,,,,,
343,thumb_000343_f00010290.jpg,,,,,,,,
344,thumb_000344_f00010320.jpg,,,,,,,,
345,thumb_000345_f00010350.jpg,,,,,,,,
346,thumb_000346_f00010380.jpg,,,,,,,,
347,thumb_000347_f00010410.jpg,,,,,,,,
348,thumb_000348_f00010440.jpg,,,,,,,,
349,thumb_000349_f00010470.jpg,,,,,,,,
350,thumb_000350_f00010500.jpg,,,,,,,,
351,thumb_000351_f00010530.jpg,,,,,,,,
352,thumb_000352_f00010560.jpg,,,,,,,,
353,thumb_000353_f00010590.jpg,,,,,,,,
354,thumb_000354_f00010620.jpg,,,,,,,,
355,thumb_000355_f00010650.jpg,,,,,,,,
356,thumb_000356_f00010680.jpg,,,,,,,,
357,thumb_000357_f00010710.jpg,,,,,,,,
358,thumb_000358_f00010740.jpg,,,,,,,,
359,thumb_000359_f00010770.jpg,,,,,,,,
360,thumb_000360_f00010800.jpg,,,,,,,,
361,thumb_000361_f00010830.jpg,,,,,,,,
362,thumb_000362_f00010860.jpg,,,,,,,,
363,thumb_000363_f00010890.jpg,,,,,,,,
364,thumb_000364_f00010920.jpg,,,,,,,,
365,thumb_000365_f00010950.jpg,,,,,,,,
366,thumb_000366_f00010980.jpg,,,,,,,,
367,thumb_000367_f00011010.jpg,,,,,,,,
368,thumb_000368_f00011040.jpg,,,,,,,,
369,thumb_000369_f00011070.jpg,,,,,,,,
370,thumb_000370_f00011100.jpg,,,,,,,,
371,thumb_000371_f00011130.jpg,,,,,,,,
372,thumb_000372_f00011160.jpg,,,,,,,,
373,thumb_000373_f00011190.jpg,,,,,,,,
374,thumb_000374_f00011220.jpg,,,,,,,,
375,thumb_000375_f00011250.jpg,,,,,,,,
376,thumb_000376_f00011280.jpg,,,,,,,,
377,thumb_000377_f00011310.jpg,,,,,,,,
378,thumb_000378_f00011340.jpg,,,,,,,,
379,thumb_000379_f00011370.jpg,,,,,,,,
380,thumb_000380_f00011400.jpg,,,,,,,,
381,thumb_000381_f00011430.jpg,,,,,,,,
382,thumb_000382_f00011460.jpg,,,,,,,,
383,thumb_000383_f00011490.jpg,,,,,,,,
384,thumb_000384_f00011520.jpg,,,,,,,,
385,thumb_000385_f00011550.jpg,,,,,,,,
386,thumb_000386_f00011580.jpg,,,,,,,,
387,thumb_000387_f00011610.jpg,,,,,,,,
388,thumb_000388_f00011640.jpg,,,,,,,,
389,thumb_000389_f00011670.jpg,,,,,,,,
390,thumb_000390_f00011700.jpg,,,,,,,,
391,thumb_000391_f00011730.jpg,,,,,,,,
392,thumb_000392_f00011760.jpg,,,,,,,,
393,thumb_000393_f00011790.jpg,,,,,,,,
394,thumb_000394_f00011820.jpg,,,,,,,,
395,thumb_000395_f00011850.jpg,,,,,,,,
396,thumb_000396_f00011880.jpg,,,,,,,,
397,thumb_000397_f00011910.jpg,,,,,,,,
398,thumb_000398_f00011940.jpg,,,,,,,,
399,thumb_000399_f00011970.jpg,,,,,,,,
400,thumb_000400_f00012000.jpg,,,,,,,,
401,thumb_000401_f00012030.jpg,,,,,,,,
402,thumb_000402_f00012060.jpg,,,,,,,,
403,thumb_000403_f00012090.jpg,,,,,,,,
404,thumb_000404_f00012120.jpg,,,,,,,,
405,thumb_000405_f00012150.jpg,,,,,,,,
406,thumb_000406_f00012180.jpg,,,,,,,,
407,thumb_000407_f00012210.jpg,,,,,,,,
408,thumb_000408_f00012240.jpg,,,,,,,,
409,thumb_000409_f00012270.jpg,,,,,,,,
410,thumb_000410_f00012300.jpg,,,,,,,,
411,thumb_000411_f00012330.jpg,,,,,,,,
412,thumb_000412_f00012360.jpg,,,,,,,,
413,thumb_000413_f00012390.jpg,,,,,,,,
414,thumb_000414_f00012420.jpg,,,,,,,,
415,thumb_000415_f00012450.jpg,,,,,,,,
416,thumb_000416_f00012480.jpg,,,,,,,,
417,thumb_000417_f00012510.jpg,,,,,,,,
418,thumb_000418_f00012540.jpg,,,,,,,,
419,thumb_000419_f00012570.jpg,,,,,,,,
420,thumb_000420_f00012600.jpg,,,,,,,,
421,thumb_000421_f00012630.jpg,,,,,,,,
422,thumb_000422_f00012660.jpg,,,,,,,,
423,thumb_000423_f00012690.jpg,,,,,,,,
424,thumb_000424_f00012720.jpg,,,,,,,,
425,thumb_000425_f00012750.jpg,,,,,,,,
426,thumb_000426_f00012780.jpg,,,,,,,,
427,thumb_000427_f00012810.jpg,,,,,,,,
428,thumb_000428_f00012840.jpg,,,,,,,,
429,thumb_000429_f00012870.jpg,,,,,,,,
430,thumb_000430_f00012900.jpg,,,,,,,,
431,thumb_000431_f00012930.jpg,,,,,,,,
432,thumb_000432_f00012960.jpg,,,,,,,,
433,thumb_000433_f00012990.jpg,,,,,,,,
434,thumb_000434_f00013020.jpg,,,,,,,,
435,thumb_000435_f00013050.jpg,,,,,,,,
436,thumb_000436_f00013080.jpg,,,,,,,,
437,thumb_000437_f00013110.jpg,,,,,,,,
438,thumb_000438_f00013140.jpg,,,,,,,,
439,thumb_000439_f00013170.jpg,,,,,,,,
440,thumb_000440_f00013200.jpg,,,,,,,,
441,thumb_000441_f00013230.jpg,,,,,,,,
442,thumb_000442_f00013260.jpg,,,,,,,,
443,thumb_000443_f00013290.jpg,,,,,,,,
444,thumb_000444_f00013320.jpg,,,,,,,,
445,thumb_000445_f00013350.jpg,,,,,,,,
446,thumb_000446_f00013380.jpg,,,,,,,,
447,thumb_000447_f00013410.jpg,,,,,,,,
448,thumb_000448_f00013440.jpg,,,,,,,,
449,thumb_000449_f00013470.jpg,,,,,,,,
450,thumb_000450_f00013500.jpg,,,,,,,,
451,thumb_000451_f00013530.jpg,,,,,,,,
452,thumb_000452_f00013560.jpg,,,,,,,,
453,thumb_000453_f00013590.jpg,,,,,,,,
454,thumb_000454_f00013620.jpg,,,,,,,,
455,thumb_000455_f00013650.jpg,,,,,,,,
456,thumb_000456_f00013680.jpg,,,,,,,,
457,thumb_000457_f00013710.jpg,,,,,,,,
458,thumb_000458_f00013740.jpg,,,,,,,,
459,thumb_000459_f00013770.jpg,,,,,,,,
460,thumb_000460_f00013800.jpg,,,,,,,,
461,thumb_000461_f00013830.jpg,,,,,,,,
462,thumb_000462_f00013860.jpg,,,,,,,,
463,thumb_000463_f00013890.jpg,,,,,,,,
464,thumb_000464_f00013920.jpg,,,,,,,,
465,thumb_000465_f00013950.jpg,,,,,,,,
466,thumb_000466_f00013980.jpg,,,,,,,,
467,thumb_000467_f00014010.jpg,,,,,,,,
468,thumb_000468_f00014040.jpg,,,,,,,,
469,thumb_000469_f00014070.jpg,,,,,,,,
470,thumb_000470_f00014100.jpg,,,,,,,,
471,thumb_000471_f00014130.jpg,,,,,,,,
472,thumb_000472_f00014160.jpg,,,,,,,,
473,thumb_000473_f00014190.jpg,,,,,,,,
474,thumb_000474_f00014220.jpg,,,,,,,,
475,thumb_000475_f00014250.jpg,,,,,,,,
476,thumb_000476_f00014280.jpg,,,,,,,,
477,thumb_000477_f00014310.jpg,,,,,,,,
478,thumb_000478_f00014340.jpg,,,,,,,,
479,thumb_000479_f00014370.jpg,,,,,,,,
480,thumb_000480_f00014400.jpg,,,,,,,,
481,thumb_000481_f00014430.jpg,,,,,,,,
482,thumb_000482_f00014460.jpg,,,,,,,,
483,thumb_000483_f00014490.jpg,,,,,,,,
484,thumb_000484_f00014520.jpg,,,,,,,,
485,thumb_000485_f00014550.jpg,,,,,,,,
486,thumb_000486_f00014580.jpg,,,,,,,,
487,thumb_000487_f00014610.jpg,,,,,,,,
488,thumb_000488_f00014640.jpg,,,,,,,,
489,thumb_000489_f00014670.jpg,,,,,,,,
490,thumb_000490_f00014700.jpg,,,,,,,,
491,thumb_000491_f00014730.jpg,,,,,,,,
492,thumb_000492_f00014760.jpg,,,,,,,,
493,thumb_000493_f00014790.jpg,,,,,,,,
494,thumb_000494_f00014820.jpg,,,,,,,,
495,thumb_000495_f00014850.jpg,,,,,,,,
496,thumb_000496_f00014880.jpg,,,,,,,,
497,thumb_000497_f00014910.jpg,,,,,,,,
498,thumb_000498_f00014940.jpg,,,,,,,,
499,thumb_000499_f00014970.jpg,,,,,,,,
500,thumb_000500_f00015000.jpg,,,,,,,,
501,thumb_000501_f00015030.jpg,,,,,,,,
502,thumb_000502_f00015060.jpg,,,,,,,,
503,thumb_000503_f00015090.jpg,,,,,,,,
504,thumb_000504_f00015120.jpg,,,,,,,,
505,thumb_000505_f00015150.jpg,,,,,,,,
506,thumb_000506_f00015180.jpg,,,,,,,,
507,thumb_000507_f00015210.jpg,,,,,,,,
508,thumb_000508_f00015240.jpg,,,,,,,,
509,thumb_000509_f00015270.jpg,,,,,,,,
510,thumb_000510_f00015300.jpg,,,,,,,,
511,thumb_000511_f00015330.jpg,,,,,,,,
512,thumb_000512_f00015360.jpg,,,,,,,,
513,thumb_000513_f00015390.jpg,,,,,,,,
514,thumb_000514_f00015420.jpg,,,,,,,,
515,thumb_000515_f00015450.jpg,,,,,,,,
516,thumb_000516_f00015480.jpg,,,,,,,,
517,thumb_000517_f00015510.jpg,,,,,,,,
518,thumb_000518_f00015540.jpg,,,,,,,,
519,thumb_000519_f00015570.jpg,,,,,,,,
520,thumb_000520_f00015600.jpg,,,,,,,,
521,thumb_000521_f00015630.jpg,,,,,,,,
522,thumb_000522_f00015660.jpg,,,,,,,,
523,thumb_000523_f00015690.jpg,,,,,,,,
524,thumb_000524_f00015720.jpg,,,,,,,,
525,thumb_000525_f00015750.jpg,,,,,,,,
526,thumb_000526_f00015780.jpg,,,,,,,,
527,thumb_000527_f00015810.jpg,,,,,,,,
528,thumb_000528_f00015840.jpg,,,,,,,,
529,thumb_000529_f00015870.jpg,,,,,,,,
530,thumb_000530_f00015900.jpg,,,,,,,,
531,thumb_000531_f00015930.jpg,,,,,,,,
532,thumb_000532_f00015960.jpg,,,,,,,,
533,thumb_000533_f00015990.jpg,,,,,,,,
534,thumb_000534_f00016020.jpg,,,,,,,,
535,thumb_000535_f00016050.jpg,,,,,,,,
536,thumb_000536_f00016080.jpg,,,,,,,,
537,thumb_000537_f00016110.jpg,,,,,,,,
538,thumb_000538_f00016140.jpg,,,,,,,,
539,thumb_000539_f00016170.jpg,,,,,,,,
540,thumb_000540_f00016200.jpg,,,,,,,,
541,thumb_000541_f00016230.jpg,,,,,,,,
542,thumb_000542_f00016260.jpg,,,,,,,,
543,thumb_000543_f00016290.jpg,,,,,,,,
544,thumb_000544_f00016320.jpg,,,,,,,,
545,thumb_000545_f00016350.jpg,,,,,,,,
546,thumb_000546_f00016380.jpg,,,,,,,,
547,thumb_000547_f00016410.jpg,,,,,,,,
548,thumb_000548_f00016440.jpg,,,,,,,,
549,thumb_000549_f00016470.jpg,,,,,,,,
550,thumb_000550_f00016500.jpg,,,,,,,,
551,thumb_000551_f00016530.jpg,,,,,,,,
552,thumb_000552_f00016560.jpg,,,,,,,,
553,thumb_000553_f00016590.jpg,,,,,,,,
554,thumb_000554_f00016620.jpg,,,,,,,,
555,thumb_000555_f00016650.jpg,,,,,,,,
556,thumb_000556_f00016680.jpg,,,,,,,,
557,thumb_000557_f00016710.jpg,,,,,,,,
558,thumb_000558_f00016740.jpg,,,,,,,,
559,thumb_000559_f00016770.jpg,,,,,,,,
560,thumb_000560_f00016800.jpg,,,,,,,,
561,thumb_000561_f00016830.jpg,,,,,,,,
562,thumb_000562_f00016860.jpg,,,,,,,,
563,thumb_000563_f00016890.jpg,,,,,,,,
564,thumb_000564_f00016920.jpg,,,,,,,,
565,thumb_000565_f00016950.jpg,,,,,,,,
566,thumb_000566_f00016980.jpg,,,,,,,,
567,thumb_000567_f00017010.jpg,,,,,,,,
568,thumb_000568_f00017040.jpg,,,,,,,,
569,thumb_000569_f00017070.jpg,,,,,,,,
570,thumb_000570_f00017100.jpg,,,,,,,,
571,thumb_000571_f00017130.jpg,,,,,,,,
572,thumb_000572_f00017160.jpg,,,,,,,,
573,thumb_000573_f00017190.jpg,,,,,,,,
574,thumb_000574_f00017220.jpg,,,,,,,,
575,thumb_000575_f00017250.jpg,,,,,,,,
576,thumb_000576_f00017280.jpg,,,,,,,,
577,thumb_000577_f00017310.jpg,,,,,,,,
578,thumb_000578_f00017340.jpg,,,,,,,,
579,thumb_000579_f00017370.jpg,,,,,,,,
580,thumb_000580_f00017400.jpg,,,,,,,,
581,thumb_000581_f00017430.jpg,,,,,,,,
582,thumb_000582_f00017460.jpg,,,,,,,,
583,thumb_000583_f00017490.jpg,,,,,,,,
584,thumb_000584_f00017520.jpg,,,,,,,,
585,thumb_000585_f00017550.jpg,,,,,,,,
586,thumb_000586_f00017580.jpg,,,,,,,,
587,thumb_000587_f00017610.jpg,,,,,,,,
588,thumb_000588_f00017640.jpg,,,,,,,,
589,thumb_000589_f00017670.jpg,,,,,,,,
590,thumb_000590_f00017700.jpg,,,,,,,,
591,thumb_000591_f00017730.jpg,,,,,,,,
592,thumb_000592_f00017760.jpg,,,,,,,,
593,thumb_000593_f00017790.jpg,,,,,,,,
594,thumb_000594_f00017820.jpg,,,,,,,,
595,thumb_000595_f00017850.jpg,,,,,,,,
596,thumb_000596_f00017880.jpg,,,,,,,,
597,thumb_000597_f00017910.jpg,,,,,,,,
598,thumb_000598_f00017940.jpg,,,,,,,,
599,thumb_000599_f00017970.jpg,,,,,,,,
600,thumb_000600_f00018000.jpg,,,,,,,,
601,thumb_000601_f00018030.jpg,,,,,,,,
602,thumb_000602_f00018060.jpg,,,,,,,,
603,thumb_000603_f00018090.jpg,,,,,,,,
604,thumb_000604_f00018120.jpg,,,,,,,,
605,thumb_000605_f00018150.jpg,,,,,,,,
606,thumb_000606_f00018180.jpg,,,,,,,,
607,thumb_000607_f00018210.jpg,,,,,,,,
608,thumb_000608_f00018240.jpg,,,,,,,,
609,thumb_000609_f00018270.jpg,,,,,,,,
610,thumb_000610_f00018300.jpg,,,,,,,,
611,thumb_000611_f00018330.jpg,,,,,,,,
612,thumb_000612_f00018360.jpg,,,,,,,,
613,thumb_000613_f00018390.jpg,,,,,,,,
614,thumb_000614_f00018420.jpg,,,,,,,,
615,thumb_000615_f00018450.jpg,,,,,,,,
616,thumb_000616_f00018480.jpg,,,,,,,,
617,thumb_000617_f00018510.jpg,,,,,,,,
618,thumb_000618_f00018540.jpg,,,,,,,,
619,thumb_000619_f00018570.jpg,,,,,,,,
620,thumb_000620_f00018600.jpg,,,,,,,,
621,thumb_000621_f00018630.jpg,,,,,,,,
622,thumb_000622_f00018660.jpg,,,,,,,,
623,thumb_000623_f00018690.jpg,,,,,,,,
624,thumb_000624_f00018720.jpg,,,,,,,,
625,thumb_000625_f00018750.jpg,,,,,,,,
626,thumb_000626_f00018780.jpg,,,,,,,,
627,thumb_000627_f00018810.jpg,,,,,,,,
628,thumb_000628_f00018840.jpg,,,,,,,,
629,thumb_000629_f00018870.jpg,,,,,,,,
630,thumb_000630_f00018900.jpg,,,,,,,,
631,thumb_000631_f00018930.jpg,,,,,,,,
632,thumb_000632_f00018960.jpg,,,,,,,,
633,thumb_000633_f00018990.jpg,,,,,,,,
634,thumb_000634_f00019020.jpg,,,,,,,,
635,thumb_000635_f00019050.jpg,,,,,,,,
636,thumb_000636_f00019080.jpg,,,,,,,,
637,thumb_000637_f00019110.jpg,,,,,,,,
638,thumb_000638_f00019140.jpg,,,,,,,,
639,thumb_000639_f00019170.jpg,,,,,,,,
640,thumb_000640_f00019200.jpg,,,,,,,,
641,thumb_000641_f00019230.jpg,,,,,,,,
642,thumb_000642_f00019260.jpg,,,,,,,,
643,thumb_000643_f00019290.jpg,,,,,,,,
644,thumb_000644_f00019320.jpg,,,,,,,,
645,thumb_000645_f00019350.jpg,,,,,,,,
646,thumb_000646_f00019380.jpg,,,,,,,,
647,thumb_000647_f00019410.jpg,,,,,,,,
648,thumb_000648_f00019440.jpg,,,,,,,,
649,thumb_000649_f00019470.jpg,,,,,,,,
650,thumb_000650_f00019500.jpg,,,,,,,,
651,thumb_000651_f00019530.jpg,,,,,,,,
652,thumb_000652_f00019560.jpg,,,,,,,,
653,thumb_000653_f00019590.jpg,,,,,,,,
654,thumb_000654_f00019620.jpg,,,,,,,,
655,thumb_000655_f00019650.jpg,,,,,,,,
656,thumb_000656_f00019680.jpg,,,,,,,,
657,thumb_000657_f00019710.jpg,,,,,,,,
658,thumb_000658_f00019740.jpg,,,,,,,,
659,thumb_000659_f00019770.jpg,,,,,,,,
660,thumb_000660_f00019800.jpg,,,,,,,,
661,thumb_000661_f00019830.jpg,,,,,,,,
662,thumb_000662_f00019860.jpg,,,,,,,,
663,thumb_000663_f00019890.jpg,,,,,,,,
664,thumb_000664_f00019920.jpg,,,,,,,,
665,thumb_000665_f00019950.jpg,,,,,,,,
666,thumb_000666_f00019980.jpg,,,,,,,,
667,thumb_000667_f00020010.jpg,,,,,,,,
668,thumb_000668_f00020040.jpg,,,,,,,,
669,thumb_000669_f00020070.jpg,,,,,,,,
670,thumb_000670_f00020100.jpg,,,,,,,,
671,thumb_000671_f00020130.jpg,,,,,,,,
672,thumb_000672_f00020160.jpg,,,,,,,,
673,thumb_000673_f00020190.jpg,,,,,,,,
674,thumb_000674_f00020220.jpg,,,,,,,,
675,thumb_000675_f00020250.jpg,,,,,,,,
676,thumb_000676_f00020280.jpg,,,,,,,,
677,thumb_000677_f00020310.jpg,,,,,,,,
678,thumb_000678_f00020340.jpg,,,,,,,,
679,thumb_000679_f00020370.jpg,,,,,,,,
680,thumb_000680_f00020400.jpg,,,,,,,,
681,thumb_000681_f00020430.jpg,,,,,,,,
682,thumb_000682_f00020460.jpg,,,,,,,,
683,thumb_000683_f00020490.jpg,,,,,,,,
684,thumb_000684_f00020520.jpg,,,,,,,,
685,thumb_000685_f00020550.jpg,,,,,,,,
686,thumb_000686_f00020580.jpg,,,,,,,,
687,thumb_000687_f00020610.jpg,,,,,,,,
688,thumb_000688_f00020640.jpg,,,,,,,,
689,thumb_000689_f00020670.jpg,,,,,,,,
690,thumb_000690_f00020700.jpg,,,,,,,,
691,thumb_000691_f00020730.jpg,,,,,,,,
692,thumb_000692_f00020760.jpg,,,,,,,,
693,thumb_000693_f00020790.jpg,,,,,,,,
694,thumb_000694_f00020820.jpg,,,,,,,,
695,thumb_000695_f00020850.jpg,,,,,,,,
696,thumb_000696_f00020880.jpg,,,,,,,,
697,thumb_000697_f00020910.jpg,,,,,,,,
698,thumb_000698_f00020940.jpg,,,,,,,,
699,thumb_000699_f00020970.jpg,,,,,,,,
700,thumb_000700_f00021000.jpg,,,,,,,,
701,thumb_000701_f00021030.jpg,,,,,,,,
702,thumb_000702_f00021060.jpg,,,,,,,,
703,thumb_000703_f00021090.jpg,,,,,,,,
704,thumb_000704_f00021120.jpg,,,,,,,,
705,thumb_000705_f00021150.jpg,,,,,,,,
706,thumb_000706_f00021180.jpg,,,,,,,,
707,thumb_000707_f00021210.jpg,,,,,,,,
708,thumb_000708_f00021240.jpg,,,,,,,,
709,thumb_000709_f00021270.jpg,,,,,,,,
710,thumb_000710_f00021300.jpg,,,,,,,,
711,thumb_000711_f00021330.jpg,,,,,,,,
712,thumb_000712_f00021360.jpg,,,,,,,,
713,thumb_000713_f00021390.jpg,,,,,,,,
714,thumb_000714_f00021420.jpg,,,,,,,,
715,thumb_000715_f00021450.jpg,,,,,,,,
716,thumb_000716_f00021480.jpg,,,,,,,,
717,thumb_000717_f00021510.jpg,,,,,,,,
718,thumb_000718_f00021540.jpg,,,,,,,,
719,thumb_000719_f00021570.jpg,,,,,,,,
720,thumb_000720_f00021600.jpg,,,,,,,,
721,thumb_000721_f00021630.jpg,,,,,,,,
722,thumb_000722_f00021660.jpg,,,,,,,,
723,thumb_000723_f00021690.jpg,,,,,,,,
724,thumb_000724_f00021720.jpg,,,,,,,,
725,thumb_000725_f00021750.jpg,,,,,,,,
726,thumb_000726_f00021780.jpg,,,,,,,,
727,thumb_000727_f00021810.jpg,,,,,,,,
728,thumb_000728_f00021840.jpg,,,,,,,,
729,thumb_000729_f00021870.jpg,,,,,,,,
730,thumb_000730_f00021900.jpg,,,,,,,,
731,thumb_000731_f00021930.jpg,,,,,,,,
732,thumb_000732_f00021960.jpg,,,,,,,,
733,thumb_000733_f00021990.jpg,,,,,,,,
734,thumb_000734_f00022020.jpg,,,,,,,,
735,thumb_000735_f00022050.jpg,,,,,,,,
736,thumb_000736_f00022080.jpg,,,,,,,,
737,thumb_000737_f00022110.jpg,,,,,,,,
738,thumb_000738_f00022140.jpg,,,,,,,,
739,thumb_000739_f00022170.jpg,,,,,,,,
740,thumb_000740_f00022200.jpg,,,,,,,,
741,thumb_000741_f00022230.jpg,,,,,,,,
742,thumb_000742_f00022260.jpg,,,,,,,,
743,thumb_000743_f00022290.jpg,,,,,,,,
744,thumb_000744_f00022320.jpg,,,,,,,,
745,thumb_000745_f00022350.jpg,,,,,,,,
746,thumb_000746_f00022380.jpg,,,,,,,,
747,thumb_000747_f00022410.jpg,,,,,,,,
748,thumb_000748_f00022440.jpg,,,,,,,,
749,thumb_000749_f00022470.jpg,,,,,,,,
750,thumb_000750_f00022500.jpg,,,,,,,,
751,thumb_000751_f00022530.jpg,,,,,,,,
752,thumb_000752_f00022560.jpg,,,,,,,,
753,thumb_000753_f00022590.jpg,,,,,,,,
754,thumb_000754_f00022620.jpg,,,,,,,,
755,thumb_000755_f00022650.jpg,,,,,,,,
756,thumb_000756_f00022680.jpg,,,,,,,,
757,thumb_000757_f00022710.jpg,,,,,,,,
758,thumb_000758_f00022740.jpg,,,,,,,,
759,thumb_000759_f00022770.jpg,,,,,,,,
760,thumb_000760_f00022800.jpg,,,,,,,,
761,thumb_000761_f00022830.jpg,,,,,,,,
762,thumb_000762_f00022860.jpg,,,,,,,,
763,thumb_000763_f00022890.jpg,,,,,,,,
764,thumb_000764_f00022920.jpg,,,,,,,,
765,thumb_000765_f00022950.jpg,,,,,,,,
766,thumb_000766_f00022980.jpg,,,,,,,,
767,thumb_000767_f00023010.jpg,,,,,,,,
768,thumb_000768_f00023040.jpg,,,,,,,,
769,thumb_000769_f00023070.jpg,,,,,,,,
770,thumb_000770_f00023100.jpg,,,,,,,,
771,thumb_000771_f00023130.jpg,,,,,,,,
772,thumb_000772_f00023160.jpg,,,,,,,,
773,thumb_000773_f00023190.jpg,,,,,,,,
774,thumb_000774_f00023220.jpg,,,,,,,,
775,thumb_000775_f00023250.jpg,,,,,,,,
776,thumb_000776_f00023280.jpg,,,,,,,,
777,thumb_000777_f00023310.jpg,,,,,,,,
778,thumb_000778_f00023340.jpg,,,,,,,,
779,thumb_000779_f00023370.jpg,,,,,,,,
780,thumb_000780_f00023400.jpg,,,,,,,,
781,thumb_000781_f00023430.jpg,,,,,,,,
782,thumb_000782_f00023460.jpg,,,,,,,,
783,thumb_000783_f00023490.jpg,,,,,,,,
784,thumb_000784_f00023520.jpg,,,,,,,,
785,thumb_000785_f00023550.jpg,,,,,,,,
786,thumb_000786_f00023580.jpg,,,,,,,,
787,thumb_000787_f00023610.jpg,,,,,,,,
788,thumb_000788_f00023640.jpg,,,,,,,,
789,thumb_000789_f00023670.jpg,,,,,,,,
790,thumb_000790_f00023700.jpg,,,,,,,,
791,thumb_000791_f00023730.jpg,,,,,,,,
792,thumb_000792_f00023760.jpg,,,,,,,,
793,thumb_000793_f00023790.jpg,,,,,,,,
794,thumb_000794_f00023820.jpg,,,,,,,,
795,thumb_000795_f00023850.jpg,,,,,,,,
796,thumb_000796_f00023880.jpg,,,,,,,,
797,thumb_000797_f00023910.jpg,,,,,,,,
798,thumb_000798_f00023940.jpg,,,,,,,,
799,thumb_000799_f00023970.jpg,,,,,,,,
800,thumb_000800_f00024000.jpg,,,,,,,,
801,thumb_000801_f00024030.jpg,,,,,,,,
802,thumb_000802_f00024060.jpg,,,,,,,,
803,thumb_000803_f00024090.jpg,,,,,,,,
804,thumb_000804_f00024120.jpg,,,,,,,,
805,thumb_000805_f00024150.jpg,,,,,,,,
806,thumb_000806_f00024180.jpg,,,,,,,,
807,thumb_000807_f00024210.jpg,,,,,,,,
808,thumb_000808_f00024240.jpg,,,,,,,,
809,thumb_000809_f00024270.jpg,,,,,,,,
810,thumb_000810_f00024300.jpg,,,,,,,,
811,thumb_000811_f00024330.jpg,,,,,,,,
812,thumb_000812_f00024360.jpg,,,,,,,,
813,thumb_000813_f00024390.jpg,,,,,,,,
814,thumb_000814_f00024420.jpg,,,,,,,,
815,thumb_000815_f00024450.jpg,,,,,,,,
816,thumb_000816_f00024480.jpg,,,,,,,,
817,thumb_000817_f00024510.jpg,,,,,,,,
818,thumb_000818_f00024540.jpg,,,,,,,,
819,thumb_000819_f00024570.jpg,,,,,,,,
820,thumb_000820_f00024600.jpg,,,,,,,,
821,thumb_000821_f00024630.jpg,,,,,,,,
822,thumb_000822_f00024660.jpg,,,,,,,,
823,thumb_000823_f00024690.jpg,,,,,,,,
824,thumb_000824_f00024720.jpg,,,,,,,,
825,thumb_000825_f00024750.jpg,,,,,,,,
826,thumb_000826_f00024780.jpg,,,,,,,,
827,thumb_000827_f00024810.jpg,,,,,,,,
828,thumb_000828_f00024840.jpg,,,,,,,,
829,thumb_000829_f00024870.jpg,,,,,,,,
830,thumb_000830_f00024900.jpg,,,,,,,,
831,thumb_000831_f00024930.jpg,,,,,,,,
832,thumb_000832_f00024960.jpg,,,,,,,,
833,thumb_000833_f00024990.jpg,,,,,,,,
834,thumb_000834_f00025020.jpg,,,,,,,,
835,thumb_000835_f00025050.jpg,,,,,,,,
836,thumb_000836_f00025080.jpg,,,,,,,,
837,thumb_000837_f00025110.jpg,,,,,,,,
838,thumb_000838_f00025140.jpg,,,,,,,,
839,thumb_000839_f00025170.jpg,,,,,,,,
840,thumb_000840_f00025200.jpg,,,,,,,,
841,thumb_000841_f00025230.jpg,,,,,,,,
842,thumb_000842_f00025260.jpg,,,,,,,,
843,thumb_000843_f00025290.jpg,,,,,,,,
844,thumb_000844_f00025320.jpg,,,,,,,,
845,thumb_000845_f00025350.jpg,,,,,,,,
846,thumb_000846_f00025380.jpg,,,,,,,,
847,thumb_000847_f00025410.jpg,,,,,,,,
848,thumb_000848_f00025440.jpg,,,,,,,,
849,thumb_000849_f00025470.jpg,,,,,,,,
850,thumb_000850_f00025500.jpg,,,,,,,,
851,thumb_000851_f00025530.jpg,,,,,,,,
852,thumb_000852_f00025560.jpg,,,,,,,,
853,thumb_000853_f00025590.jpg,,,,,,,,
854,thumb_000854_f00025620.jpg,,,,,,,,
855,thumb_000855_f00025650.jpg,,,,,,,,
856,thumb_000856_f00025680.jpg,,,,,,,,
857,thumb_000857_f00025710.jpg,,,,,,,,
858,thumb_000858_f00025740.jpg,,,,,,,,
859,thumb_000859_f00025770.jpg,,,,,,,,
860,thumb_000860_f00025800.jpg,,,,,,,,
861,thumb_000861_f00025830.jpg,,,,,,,,
862,thumb_000862_f00025860.jpg,,,,,,,,
863,thumb_000863_f00025890.jpg,,,,,,,,
864,thumb_000864_f00025920.jpg,,,,,,,,
865,thumb_000865_f00025950.jpg,,,,,,,,
866,thumb_000866_f00025980.jpg,,,,,,,,
867,thumb_000867_f00026010.jpg,,,,,,,,
868,thumb_000868_f00026040.jpg,,,,,,,,
869,thumb_000869_f00026070.jpg,,,,,,,,
870,thumb_000870_f00026100.jpg,,,,,,,,
871,thumb_000871_f00026130.jpg,,,,,,,,
872,thumb_000872_f00026160.jpg,,,,,,,,
873,thumb_000873_f00026190.jpg,,,,,,,,
874,thumb_000874_f00026220.jpg,,,,,,,,
875,thumb_000875_f00026250.jpg,,,,,,,,
876,thumb_000876_f00026280.jpg,,,,,,,,
877,thumb_000877_f00026310.jpg,,,,,,,,
878,thumb_000878_f00026340.jpg,,,,,,,,
879,thumb_000879_f00026370.jpg,,,,,,,,
880,thumb_000880_f00026400.jpg,,,,,,,,
881,thumb_000881_f00026430.jpg,,,,,,,,
882,thumb_000882_f00026460.jpg,,,,,,,,
883,thumb_000883_f00026490.jpg,,,,,,,,
884,thumb_000884_f00026520.jpg,,,,,,,,
885,thumb_000885_f00026550.jpg,,,,,,,,
886,thumb_000886_f00026580.jpg,,,,,,,,
887,thumb_000887_f00026610.jpg,,,,,,,,
888,thumb_000888_f00026640.jpg,,,,,,,,
889,thumb_000889_f00026670.jpg,,,,,,,,
890,thumb_000890_f00026700.jpg,,,,,,,,
891,thumb_000891_f00026730.jpg,,,,,,,,
892,thumb_000892_f00026760.jpg,,,,,,,,
893,thumb_000893_f00026790.jpg,,,,,,,,
894,thumb_000894_f00026820.jpg,,,,,,,,
895,thumb_000895_f00026850.jpg,,,,,,,,
896,thumb_000896_f00026880.jpg,,,,,,,,
897,thumb_000897_f00026910.jpg,,,,,,,,
898,thumb_000898_f00026940.jpg,,,,,,,,
899,thumb_000899_f00026970.jpg,,,,,,,,
900,thumb_000900_f00027000.jpg,,,,,,,,
901,thumb_000901_f00027030.jpg,,,,,,,,
902,thumb_000902_f00027060.jpg,,,,,,,,
903,thumb_000903_f00027090.jpg,,,,,,,,
904,thumb_000904_f00027120.jpg,,,,,,,,
905,thumb_000905_f00027150.jpg,,,,,,,,
906,thumb_000906_f00027180.jpg,,,,,,,,
907,thumb_000907_f00027210.jpg,,,,,,,,
908,thumb_000908_f00027240.jpg,,,,,,,,
909,thumb_000909_f00027270.jpg,,,,,,,,
910,thumb_000910_f00027300.jpg,,,,,,,,
911,thumb_000911_f00027330.jpg,,,,,,,,
912,thumb_000912_f00027360.jpg,,,,,,,,
913,thumb_000913_f00027390.jpg,,,,,,,,
914,thumb_000914_f00027420.jpg,,,,,,,,
915,thumb_000915_f00027450.jpg,,,,,,,,
916,thumb_000916_f00027480.jpg,,,,,,,,
917,thumb_000917_f00027510.jpg,,,,,,,,
918,thumb_000918_f00027540.jpg,,,,,,,,
919,thumb_000919_f00027570.jpg,,,,,,,,
920,thumb_000920_f00027600.jpg,,,,,,,,
921,thumb_000921_f00027630.jpg,,,,,,,,
922,thumb_000922_f00027660.jpg,,,,,,,,
923,thumb_000923_f00027690.jpg,,,,,,,,
924,thumb_000924_f00027720.jpg,,,,,,,,
925,thumb_000925_f00027750.jpg,,,,,,,,
926,thumb_000926_f00027780.jpg,,,,,,,,
927,thumb_000927_f00027810.jpg,,,,,,,,
928,thumb_000928_f00027840.jpg,,,,,,,,
929,thumb_000929_f00027870.jpg,,,,,,,,
930,thumb_000930_f00027900.jpg,,,,,,,,
931,thumb_000931_f00027930.jpg,,,,,,,,
932,thumb_000932_f00027960.jpg,,,,,,,,
933,thumb_000933_f00027990.jpg,,,,,,,,
934,thumb_000934_f00028020.jpg,,,,,,,,
935,thumb_000935_f00028050.jpg,,,,,,,,
936,thumb_000936_f00028080.jpg,,,,,,,,
937,thumb_000937_f00028110.jpg,,,,,,,,
938,thumb_000938_f00028140.jpg,,,,,,,,
939,thumb_000939_f00028170.jpg,,,,,,,,
940,thumb_000940_f00028200.jpg,,,,,,,,
941,thumb_000941_f00028230.jpg,,,,,,,,
942,thumb_000942_f00028260.jpg,,,,,,,,
943,thumb_000943_f00028290.jpg,,,,,,,,
944,thumb_000944_f00028320.jpg,,,,,,,,
945,thumb_000945_f00028350.jpg,,,,,,,,
946,thumb_000946_f00028380.jpg,,,,,,,,
947,thumb_000947_f00028410.jpg,,,,,,,,
948,thumb_000948_f00028440.jpg,,,,,,,,
949,thumb_000949_f00028470.jpg,,,,,,,,
950,thumb_000950_f00028500.jpg,,,,,,,,
951,thumb_000951_f00028530.jpg,,,,,,,,
952,thumb_000952_f00028560.jpg,,,,,,,,
953,thumb_000953_f00028590.jpg,,,,,,,,
954,thumb_000954_f00028620.jpg,,,,,,,,
955,thumb_000955_f00028650.jpg,,,,,,,,
956,thumb_000956_f00028680.jpg,,,,,,,,
957,thumb_000957_f00028710.jpg,,,,,,,,
958,thumb_000958_f00028740.jpg,,,,,,,,
959,thumb_000959_f00028770.jpg,,,,,,,,
960,thumb_000960_f00028800.jpg,,,,,,,,
961,thumb_000961_f00028830.jpg,,,,,,,,
962,thumb_000962_f00028860.jpg,,,,,,,,
963,thumb_000963_f00028890.jpg,,,,,,,,
964,thumb_000964_f00028920.jpg,,,,,,,,
965,thumb_000965_f00028950.jpg,,,,,,,,
966,thumb_000966_f00028980.jpg,,,,,,,,
967,thumb_000967_f00029010.jpg,,,,,,,,
968,thumb_000968_f00029040.jpg,,,,,,,,
969,thumb_000969_f00029070.jpg,,,,,,,,
970,thumb_000970_f00029100.jpg,,,,,,,,
971,thumb_000971_f00029130.jpg,,,,,,,,
972,thumb_000972_f00029160.jpg,,,,,,,,
973,thumb_000973_f00029190.jpg,,,,,,,,
974,thumb_000974_f00029220.jpg,,,,,,,,
975,thumb_000975_f00029250.jpg,,,,,,,,
976,thumb_000976_f00029280.jpg,,,,,,,,
977,thumb_000977_f00029310.jpg,,,,,,,,
978,thumb_000978_f00029340.jpg,,,,,,,,
979,thumb_000979_f00029370.jpg,,,,,,,,
980,thumb_000980_f00029400.jpg,,,,,,,,
981,thumb_000981_f00029430.jpg,,,,,,,,
982,thumb_000982_f00029460.jpg,,,,,,,,
983,thumb_000983_f00029490.jpg,,,,,,,,
984,thumb_000984_f00029520.jpg,,,,,,,,
985,thumb_000985_f00029550.jpg,,,,,,,,
986,thumb_000986_f00029580.jpg,,,,,,,,
987,thumb_000987_f00029610.jpg,,,,,,,,
988,thumb_000988_f00029640.jpg,,,,,,,,
989,thumb_000989_f00029670.jpg,,,,,,,,
990,thumb_000990_f00029700.jpg,,,,,,,,
991,thumb_000991_f00029730.jpg,,,,,,,,
992,thumb_000992_f00029760.jpg,,,,,,,,
993,thumb_000993_f00029790.jpg,,,,,,,,
994,thumb_000994_f00029820.jpg,,,,,,,,
995,thumb_000995_f00029850.jpg,,,,,,,,
996,thumb_000996_f00029880.jpg,,,,,,,,
997,thumb_000997_f00029910.jpg,,,,,,,,
998,thumb_000998_f00029940.jpg,,,,,,,,
999,thumb_000999_f00029970.jpg,,,,,,,,
1000,thumb_001000_f00030000.jpg,,,,,,,,
1001,thumb_001001_f00030030.jpg,,,,,,,,
1002,thumb_001002_f00030060.jpg,,,,,,,,
1003,thumb_001003_f00030090.jpg,,,,,,,,
1004,thumb_001004_f00030120.jpg,,,,,,,,
1005,thumb_001005_f00030150.jpg,,,,,,,,
1006,thumb_001006_f00030180.jpg,,,,,,,,
1007,thumb_001007_f00030210.jpg,,,,,,,,
1008,thumb_001008_f00030240.jpg,,,,,,,,
1009,thumb_001009_f00030270.jpg,,,,,,,,
1010,thumb_001010_f00030300.jpg,,,,,,,,
1011,thumb_001011_f00030330.jpg,,,,,,,,
1012,thumb_001012_f00030360.jpg,,,,,,,,
1013,thumb_001013_f00030390.jpg,,,,,,,,
1014,thumb_001014_f00030420.jpg,,,,,,,,
1015,thumb_001015_f00030450.jpg,,,,,,,,
1016,thumb_001016_f00030480.jpg,,,,,,,,
1017,thumb_001017_f00030510.jpg,,,,,,,,
1018,thumb_001018_f00030540.jpg,,,,,,,,
1019,thumb_001019_f00030570.jpg,,,,,,,,
1020,thumb_001020_f00030600.jpg,,,,,,,,
1021,thumb_001021_f00030630.jpg,,,,,,,,
1022,thumb_001022_f00030660.jpg,,,,,,,,
